index,index,time,tem
0,0,0.0,26.875
1,1,4.721079,26.875
2,2,9.521203,26.875
3,3,14.260175,26.875
4,4,18.958986,26.875
5,5,23.733627,26.875
6,6,28.585548,26.875
7,7,33.358091,26.875
8,8,38.241038,26.9375
9,9,43.03774,27.0
10,10,47.840632,27.0625
11,11,52.63803,27.125
12,12,57.471118,27.1875
13,13,62.236416,27.25
14,14,68.718449,27.3125
15,15,73.538019,27.375
16,16,78.317462,27.375
17,17,83.11745,27.4375
18,18,87.838013,27.4375
19,19,92.657905,27.5
20,20,98.397432,27.5625
21,21,103.199947,27.625
22,22,108.018589,27.6875
23,23,112.798844,27.6875
24,24,117.597341,27.75
25,25,122.317444,27.8125
26,26,127.137476,27.875
27,27,132.079788,27.9375
28,28,136.797616,28.0
29,29,141.677734,28.0625
30,30,146.478653,28.125
31,31,152.158158,28.1875
32,32,157.010815,28.1875
33,33,161.897594,28.25
34,34,166.637649,28.3125
35,35,171.359407,28.375
36,36,176.098747,28.4375
37,37,180.877016,28.4375
38,38,185.679495,28.5
39,39,190.560142,28.5625
40,40,195.358556,28.5625
41,41,199.998801,28.625
42,42,204.878448,28.75
43,43,209.715103,28.8125
44,44,214.399657,28.8125
45,45,219.119739,28.8125
46,46,223.919301,28.875
47,47,228.72327,28.9375
48,48,233.519513,29.0625
49,49,238.317087,29.0625
50,50,242.957171,29.125
51,51,247.597768,29.1875
52,52,252.761734,29.1875
53,53,257.597848,29.25
54,54,262.318079,29.3125
55,55,267.039209,29.375
56,56,271.837291,29.4375
57,57,276.399133,29.5
58,58,281.037976,29.5
59,59,285.759318,29.5625
60,60,290.399434,29.625
61,61,295.119449,29.6875
62,62,299.83827,29.75
63,63,304.559111,29.8125
64,64,309.219148,29.875
65,65,313.919861,29.9375
66,66,319.619373,29.9375
67,67,324.396319,29.9375
68,68,329.199522,29.9375
69,69,333.996794,30.0
70,70,338.738073,30.0
71,71,343.519965,30.125
72,72,348.678091,30.1875
73,73,353.498624,30.25
74,74,358.31775,30.25
75,75,363.037446,30.3125
76,76,367.837395,30.375
77,77,372.559966,30.4375
78,78,377.358645,30.4375
79,79,382.191326,30.5
80,80,387.037842,30.5
81,81,391.838601,30.5625
82,82,396.638534,30.625
83,83,401.439521,30.6875
84,84,406.23789,30.75
85,85,410.95917,30.8125
86,86,415.759668,30.875
87,87,420.55956,30.9375
88,88,425.359441,30.9375
89,89,430.080412,31.0
90,90,434.878972,31.0
91,91,439.679181,31.0625
92,92,444.552045,31.125
93,93,449.278018,31.1875
94,94,454.076989,31.25
95,95,458.79718,31.3125
96,96,463.598622,31.375
97,97,469.474135,31.375
98,98,474.239094,31.4375
99,99,479.919644,31.5
100,100,484.719299,31.5625
101,101,489.519059,31.5625
102,102,494.319734,31.625
103,103,499.120236,31.6875
104,104,503.997199,31.6875
105,105,508.717589,31.75
106,106,513.517814,31.8125
107,107,518.318496,31.875
108,108,523.11761,31.9375
109,109,527.837709,31.9375
110,110,533.517453,32.0
111,111,538.237985,32.0
112,112,543.037996,32.0625
113,113,548.079252,32.125
114,114,552.877238,32.1875
115,115,557.596914,32.1875
116,116,562.345991,32.1875
117,117,567.117133,32.25
118,118,571.837337,32.3125
119,119,576.477847,32.375
120,120,581.358765,32.4375
121,121,586.080934,32.5
122,122,590.879641,32.5625
123,123,595.764743,32.5625
124,124,600.478494,32.625
125,125,605.199439,32.625
126,126,610.000242,32.6875
127,127,614.719504,32.75
128,128,619.519228,32.8125
129,129,624.257666,32.875
130,130,629.0396,32.875
131,131,633.917227,32.9375
132,132,638.717061,33.0
133,133,643.437521,33.0625
134,134,648.236982,33.0625
135,135,652.957596,33.125
136,136,657.778506,33.1875
137,137,662.558023,33.25
138,138,667.359586,33.25
139,139,672.077159,33.3125
140,140,676.797351,33.375
141,141,681.517135,33.375
142,142,686.240132,33.4375
143,143,690.960761,33.5
144,144,695.758293,33.5
145,145,700.561695,33.5625
146,146,705.360117,33.625
147,147,710.179627,33.6875
148,148,715.059987,33.75
149,149,719.759153,33.8125
150,150,724.559279,33.8125
151,151,729.280447,33.875
152,152,734.346108,33.9375
153,153,740.089819,34.0
154,154,744.883445,34.0625
155,155,749.759746,34.0625
156,156,754.639544,34.125
157,157,759.437849,34.125
158,158,764.237714,34.1875
159,159,768.957286,34.1875
160,160,773.697216,34.25
161,161,778.477399,34.25
162,162,783.357482,34.3125
163,163,788.156679,34.375
164,164,792.877935,34.4375
165,165,798.558036,34.4375
166,166,803.357707,34.4375
167,167,808.077947,34.5625
168,168,812.877601,34.625
169,169,817.677309,34.6875
170,170,822.317711,34.6875
171,171,827.116807,34.75
172,172,831.759637,34.8125
173,173,837.358354,34.9375
174,174,842.397883,34.9375
175,175,847.117776,35.0
176,176,851.91744,35.0625
177,177,856.557219,35.0625
178,178,861.358383,35.125
179,179,866.16042,35.1875
180,180,871.837353,35.1875
181,181,876.55893,35.25
182,182,881.440666,35.3125
183,183,886.319845,35.375
184,184,891.046747,35.375
185,185,895.840052,35.4375
186,186,900.600309,35.5
187,187,905.358871,35.5
188,188,910.159576,35.625
189,189,914.880942,35.6875
190,190,919.597459,35.75
191,191,924.94658,35.75
192,192,929.677045,35.875
193,193,934.399005,35.9375
194,194,939.518158,35.9375
195,195,944.317734,36.0
196,196,949.116558,36.0
197,197,953.757228,36.0625
198,198,959.357692,36.0625
199,199,964.158053,36.125
200,200,968.957983,36.125
201,201,973.760335,36.1875
202,202,978.477291,36.1875
203,203,983.196701,36.25
204,204,987.999811,36.3125
205,205,992.718111,36.3125
206,206,997.437856,36.375
207,207,1002.157411,36.4375
208,208,1006.797812,36.5
209,209,1011.518595,36.5625
210,210,1016.319779,36.5625
211,211,1021.119904,36.625
212,212,1025.919,36.625
213,213,1030.640191,36.6875
214,214,1035.369078,36.75
215,215,1040.159124,36.8125
216,216,1044.990861,36.875
217,217,1049.777674,36.9375
218,218,1054.499178,37.0
219,219,1059.377591,37.0625
220,220,1064.078148,37.0625
221,221,1068.877864,37.125
222,222,1073.677192,37.125
223,223,1078.398832,37.1875
224,224,1083.998054,37.1875
225,225,1088.796277,37.25
226,226,1093.518073,37.3125
227,227,1098.317984,37.375
228,228,1103.117719,37.375
229,229,1107.844075,37.4375
230,230,1112.637944,37.5
231,231,1117.43845,37.5625
232,232,1122.077959,37.5625
233,233,1126.71914,37.625
234,234,1131.71684,37.625
235,235,1136.720279,37.6875
236,236,1141.518918,37.6875
237,237,1146.31816,37.75
238,238,1151.119599,37.8125
239,239,1155.918999,37.875
240,240,1160.718819,37.9375
241,241,1165.439557,38.0
242,242,1170.170732,38.0625
243,243,1174.957178,38.125
244,244,1179.597795,38.125
245,245,1184.397904,38.1875
246,246,1189.279699,38.25
247,247,1194.076876,38.25
248,248,1198.717876,38.3125
249,249,1203.517603,38.3125
250,250,1208.319627,38.375
251,251,1213.117894,38.4375
252,252,1217.917149,38.5
253,253,1222.557745,38.5
254,254,1227.197639,38.5625
255,255,1231.998118,38.625
256,256,1236.798833,38.6875
257,257,1241.599876,38.75
258,258,1246.480692,38.75
259,259,1251.198831,38.8125
260,260,1255.999618,38.8125
261,261,1261.599263,38.875
262,262,1266.399652,38.9375
263,263,1271.199878,39.0
264,264,1275.919373,39.0625
265,265,1280.721037,39.0625
266,266,1285.599511,39.125
267,267,1290.357325,39.1875
268,268,1295.165005,39.1875
269,269,1299.91825,39.25
270,270,1304.72029,39.3125
271,271,1309.517799,39.375
272,272,1314.319693,39.4375
273,273,1319.117553,39.5
274,274,1323.923032,39.5
275,275,1328.797348,39.5625
276,276,1333.517262,39.5625
277,277,1338.237669,39.5625
278,278,1342.958117,39.625
279,279,1347.677962,39.6875
280,280,1352.317902,39.75
281,281,1357.119299,39.8125
282,282,1361.840278,39.8125
283,283,1366.63972,39.875
284,284,1371.439391,39.9375
285,285,1376.243094,40.0
286,286,1381.039911,40.0
287,287,1385.839413,40.0625
288,288,1390.641525,40.125
289,289,1395.43947,40.1875
290,290,1400.158068,40.25
291,291,1404.958074,40.25
292,292,1409.836746,40.3125
293,293,1414.558209,40.375
294,294,1420.238077,40.4375
295,295,1425.096298,40.5
296,296,1429.872032,40.5
297,297,1434.637984,40.5625
298,298,1439.517214,40.625
299,299,1444.257865,40.6875
300,300,1449.037458,40.6875
301,301,1453.837449,40.75
302,302,1458.556507,40.8125
303,303,1463.357516,40.875
304,304,1468.157676,40.875
305,305,1472.959664,40.875
306,306,1477.791231,40.9375
307,307,1482.63879,40.9375
308,308,1487.439011,40.9375
309,309,1492.319388,41.0
310,310,1497.039645,41.0625
311,311,1501.839686,41.125
312,312,1506.641062,41.1875
313,313,1511.520699,41.1875
314,314,1517.040672,41.25
315,315,1521.839738,41.3125
316,316,1526.640169,41.3125
317,317,1531.441385,41.375
318,318,1536.159464,41.4375
319,319,1540.965057,41.5
320,320,1545.75994,41.5625
321,321,1550.55952,41.625
322,322,1555.358843,41.6875
323,323,1560.157497,41.6875
324,324,1564.897883,41.75
325,325,1569.678283,41.8125
326,326,1574.477886,41.8125
327,327,1579.2782,41.875
328,328,1584.157822,41.875
329,329,1588.957297,41.875
330,330,1593.677787,41.875
331,331,1598.477999,42.0
332,332,1603.277647,42.0625
333,333,1607.998875,42.0625
334,334,1612.797568,42.1875
335,335,1617.597883,42.1875
336,336,1622.647428,42.25
337,337,1627.523051,42.3125
338,338,1632.319701,42.3125
339,339,1637.119409,42.375
340,340,1641.919054,42.375
341,341,1646.721653,42.4375
342,342,1652.770115,42.5
343,343,1657.518362,42.5625
344,344,1662.319825,42.625
345,345,1667.03955,42.625
346,346,1671.83944,42.6875
347,347,1676.559654,42.75
348,348,1681.359283,42.8125
349,349,1686.159714,42.875
350,350,1690.879853,42.875
351,351,1695.678858,42.9375
352,352,1700.477806,42.9375
353,353,1705.277367,43.0
354,354,1709.918142,43.125
355,355,1714.718517,43.125
356,356,1719.518637,43.1875
357,357,1724.591652,43.25
358,358,1729.390799,43.25
359,359,1734.157436,43.3125
360,360,1738.878254,43.375
361,361,1744.557397,43.4375
362,362,1749.278393,43.5
363,363,1753.999489,43.5
364,364,1758.722541,43.5625
365,365,1763.437177,43.5625
366,366,1768.157073,43.625
367,367,1772.797532,43.6875
368,368,1777.619829,43.75
369,369,1782.400349,43.75
370,370,1787.120044,43.8125
371,371,1791.839454,43.8125
372,372,1796.561423,43.875
373,373,1801.358894,43.9375
374,374,1806.158613,44.0
375,375,1810.880133,44.0625
376,376,1815.598013,44.0625
377,377,1820.511392,44.125
378,378,1825.277729,44.125
379,379,1830.959672,44.1875
380,380,1835.757364,44.25
381,381,1840.477872,44.3125
382,382,1845.277969,44.3125
383,383,1850.077482,44.375
384,384,1854.879259,44.4375
385,385,1859.598166,44.5
386,386,1864.398101,44.5625
387,387,1869.197325,44.5625
388,388,1873.917504,44.625
389,389,1878.557422,44.625
390,390,1883.276579,44.6875
391,391,1887.917508,44.75
392,392,1892.561709,44.8125
393,393,1897.359932,44.875
394,394,1902.079867,44.9375
395,395,1906.879079,44.9375
396,396,1911.599322,45.0
397,397,1916.826632,45.0625
398,398,1921.519823,45.0625
399,399,1926.320373,45.125
400,400,1931.119612,45.125
401,401,1935.837192,45.1875
402,402,1940.559378,45.25
403,403,1946.240235,45.25
404,404,1951.038623,45.3125
405,405,1955.754952,45.375
406,406,1961.357426,45.375
407,407,1965.997379,45.5
408,408,1970.63791,45.5
409,409,1975.44435,45.5625
410,410,1980.317464,45.625
411,411,1984.956611,45.625
412,412,1989.679294,45.6875
413,413,1994.477568,45.75
414,414,1999.279453,45.75
415,415,2004.078143,45.8125
416,416,2009.319698,45.8125
417,417,2014.196298,45.875
418,418,2019.076886,45.9375
419,419,2023.865057,45.9375
420,420,2028.637421,46.0
421,421,2033.277091,46.0
422,422,2037.842166,46.0625
423,423,2042.559338,46.125
424,424,2047.27896,46.1875
425,425,2052.002204,46.25
426,426,2056.797745,46.25
427,427,2061.599893,46.3125
428,428,2066.399948,46.375
429,429,2071.119359,46.4375
430,430,2075.837672,46.5
431,431,2080.638603,46.5
432,432,2086.320164,46.5625
433,433,2091.119705,46.5625
434,434,2095.83836,46.625
435,435,2100.636793,46.6875
436,436,2105.378919,46.75
437,437,2110.291123,46.8125
438,438,2115.037762,46.875
439,439,2119.83796,46.875
440,440,2124.63732,46.9375
441,441,2129.358632,46.9375
442,442,2134.078324,47.0
443,443,2138.879546,47.0
444,444,2143.617277,47.0625
445,445,2148.317311,47.125
446,446,2153.038274,47.1875
447,447,2157.760648,47.25
448,448,2162.479007,47.25
449,449,2167.199264,47.3125
450,450,2171.999555,47.3125
451,451,2176.718868,47.375
452,452,2181.519188,47.4375
453,453,2186.671687,47.5
454,454,2191.359524,47.5625
455,455,2196.078388,47.625
456,456,2200.878748,47.625
457,457,2206.077978,47.6875
458,458,2210.877614,47.75
459,459,2215.597087,47.75
460,460,2220.318377,47.75
461,461,2225.118115,47.8125
462,462,2229.922134,47.875
463,463,2234.717681,47.875
464,464,2239.518391,47.9375
465,465,2244.239387,48.0
466,466,2248.957808,48.0625
467,467,2253.758253,48.0625
468,468,2258.57789,48.125
469,469,2263.357195,48.1875
470,470,2268.019173,48.25
471,471,2272.799269,48.3125
472,472,2278.559855,48.3125
473,473,2283.277318,48.375
474,474,2287.919603,48.375
475,475,2292.720917,48.4375
476,476,2297.599974,48.4375
477,477,2302.53666,48.5
478,478,2307.477308,48.5625
479,479,2312.240726,48.625
480,480,2316.981598,48.6875
481,481,2322.560282,48.75
482,482,2327.359677,48.75
483,483,2332.399731,48.8125
484,484,2337.119929,48.8125
485,485,2341.841095,48.875
486,486,2346.639143,48.9375
487,487,2351.439521,49.0
488,488,2356.238051,49.0625
489,489,2361.119735,49.0625
490,490,2365.948928,49.125
491,491,2370.719537,49.1875
492,492,2375.439241,49.1875
493,493,2380.177828,49.25
494,494,2384.957851,49.3125
495,495,2389.777673,49.375
496,496,2394.557366,49.375
497,497,2399.88823,49.4375
498,498,2405.310901,49.5
499,499,2410.080188,49.5
500,500,2415.757925,49.5625
501,501,2420.556675,49.5625
502,502,2425.277857,49.625
503,503,2430.01739,49.6875
504,504,2434.797352,49.75
505,505,2439.597528,49.75
506,506,2444.397415,49.8125
507,507,2449.059741,49.875
508,508,2453.840464,49.875
509,509,2459.437312,49.9375
510,510,2464.178931,49.9375
511,511,2468.95798,50.0
512,512,2473.680339,50.0625
513,513,2478.399829,50.125
514,514,2483.039715,50.125
515,515,2487.839289,50.1875
516,516,2492.641042,50.25
517,517,2498.056922,50.3125
518,518,2502.857222,50.375
519,519,2507.600049,50.375
520,520,2512.319694,50.4375
521,521,2517.039601,50.5
522,522,2521.843444,50.5
523,523,2526.639472,50.5625
524,524,2531.357537,50.625
525,525,2536.158495,50.6875
526,526,2540.95704,50.6875
527,527,2545.757917,50.75
528,528,2550.558125,50.8125
529,529,2555.357177,50.875
530,530,2560.880458,50.9375
531,531,2565.678547,50.9375
532,532,2570.53966,50.9375
533,533,2575.557892,50.9375
534,534,2580.31746,51.0
535,535,2585.03669,51.0625
536,536,2589.758131,51.125
537,537,2594.557301,51.1875
538,538,2599.533807,51.25
539,539,2604.597568,51.3125
540,540,2609.278189,51.3125
541,541,2614.077701,51.375
542,542,2618.797888,51.4375
543,543,2623.598003,51.4375
544,544,2628.479625,51.4375
545,545,2633.36006,51.5
546,546,2638.180174,51.5
547,547,2642.958976,51.5625
548,548,2647.598785,51.625
549,549,2652.320784,51.625
550,550,2656.959094,51.6875
551,551,2661.676995,51.75
552,552,2666.411454,51.8125
553,553,2671.197741,51.875
554,554,2675.999376,51.875
555,555,2680.80114,51.9375
556,556,2685.597414,52.0
557,557,2690.257617,52.0
558,558,2695.037852,52.0625
559,559,2700.051447,52.125
560,560,2704.797858,52.1875
561,561,2709.597239,52.1875
562,562,2714.155552,52.25
563,563,2718.897507,52.25
564,564,2723.601782,52.375
565,565,2729.204694,52.375
566,566,2733.999983,52.375
567,567,2738.805901,52.4375
568,568,2743.599975,52.5
569,569,2748.33931,52.5
570,570,2753.141658,52.5625
571,571,2757.842359,52.5625
572,572,2762.719436,52.625
573,573,2767.439662,52.6875
574,574,2772.260471,52.75
575,575,2777.039904,52.8125
576,576,2781.837944,52.875
577,577,2786.639024,52.875
578,578,2791.832522,52.9375
579,579,2796.477162,52.9375
580,580,2801.19767,53.0
581,581,2805.997932,53.0625
582,582,2810.797813,53.125
583,583,2815.598125,53.125
584,584,2821.277588,53.1875
585,585,2826.076868,53.25
586,586,2830.798004,53.25
587,587,2835.597883,53.3125
588,588,2840.397571,53.375
589,589,2845.278845,53.4375
590,590,2850.077508,53.4375
591,591,2855.157915,53.5
592,592,2859.918123,53.5
593,593,2864.559554,53.5625
594,594,2869.277332,53.625
595,595,2873.919706,53.6875
596,596,2878.719275,53.6875
597,597,2883.440688,53.75
598,598,2888.377108,53.8125
599,599,2895.870895,53.875
600,600,2901.597991,53.875
601,601,2906.586409,53.9375
602,602,2911.392802,54.0
603,603,2917.039476,54.0
604,604,2921.941329,54.0625
605,605,2926.73154,54.125
606,606,2931.518239,54.125
607,607,2936.31803,54.1875
608,608,2941.119725,54.25
609,609,2945.918134,54.25
610,610,2950.718022,54.3125
611,611,2955.51788,54.375
612,612,2961.200047,54.4375
613,613,2966.797013,54.5
614,614,2971.518609,54.5
615,615,2976.239711,54.5625
616,616,2980.957588,54.5625
617,617,2985.759061,54.625
618,618,2991.133997,54.6875
619,619,2996.078991,54.6875
620,620,3000.877449,54.75
621,621,3005.519996,54.8125
622,622,3010.277649,54.8125
623,623,3014.959267,54.875
624,624,3019.758238,54.875
625,625,3024.559246,54.9375
626,626,3877.085277,62.9375
627,627,3881.96099,62.9375
628,628,3886.760962,63.0625
629,629,3891.561066,63.1875
630,630,3896.35898,63.25
631,631,3901.354079,63.3125
632,632,3906.119443,63.375
633,633,3910.841341,63.4375
634,634,3915.561901,63.5
635,635,3920.360071,63.5
636,636,3925.240417,63.5625
637,637,3930.042085,63.625
638,638,3934.839869,63.625
639,639,3939.639109,63.6875
640,640,3944.359927,63.75
641,641,3949.160325,63.8125
642,642,3953.961547,63.8125
643,643,3958.840342,63.8125
644,644,3963.559815,63.875
645,645,3968.361468,63.875
646,646,3973.081961,63.875
647,647,3977.800761,63.9375
648,648,3982.601491,64.0
649,649,3987.401444,64.0625
650,650,3992.121546,64.125
651,651,3996.841517,64.125
652,652,4002.559829,64.1875
653,653,4007.359258,64.25
654,654,4012.199965,64.25
655,655,4016.920906,64.3125
656,656,4021.722782,64.375
657,657,4026.441598,64.375
658,658,4031.239817,64.4375
659,659,4036.039497,64.4375
660,660,4040.839525,64.5
661,661,4045.642071,64.5
662,662,4050.359182,64.5625
663,663,4055.079597,64.625
664,664,4059.799592,64.6875
665,665,4064.599453,64.6875
666,666,4069.159039,64.75
667,667,4073.879976,64.8125
668,668,4078.681532,64.8125
669,669,4083.401549,64.9375
670,670,4088.142059,64.9375
671,671,4092.84172,64.9375
672,672,4097.581521,65.0
673,673,4102.49899,65.0
674,674,4107.387608,65.0625
675,675,4112.153662000001,65.125
676,676,4116.920339,65.125
677,677,4121.638787,65.1875
678,678,4126.361551,65.25
679,679,4131.159897,65.25
680,680,4135.8793129999995,65.25
681,681,4140.600074,65.3125
682,682,4145.400029,65.375
683,683,4150.201338,65.4375
684,684,4154.91941,65.4375
685,685,4159.55947,65.5
686,686,4165.159812,65.5625
687,687,4169.879406,65.5625
688,688,4174.599842,65.5625
689,689,4179.401916,65.625
690,690,4184.119473000001,65.625
691,691,4188.920276,65.6875
692,692,4193.719333999999,65.6875
693,693,4198.441382,65.75
694,694,4203.513072,65.875
695,695,4208.318682,65.9375
696,696,4213.08126,66.0
697,697,4217.801212,66.0
698,698,4222.440606,66.0
699,699,4227.242335,66.0625
700,700,4231.960223,66.125
701,701,4236.679599,66.1875
702,702,4241.480504,66.1875
703,703,4246.19944,66.25
704,704,4250.859356999999,66.3125
705,705,4255.559359,66.375
706,706,4260.200059,66.375
707,707,4264.999484,66.4375
708,708,4269.719672,66.4375
709,709,4274.439375,66.4375
710,710,4279.10171,66.5
711,711,4283.801404,66.5
712,712,4288.873348,66.5625
713,713,4293.721033,66.625
714,714,4298.521527,66.6875
715,715,4303.322966,66.75
716,716,4308.1410209999995,66.8125
717,717,4312.921059,66.8125
718,718,4317.64091,66.8125
719,719,4322.460942,66.875
720,720,4327.243066,66.875
721,721,4332.041159,66.9375
722,722,4336.841469,66.9375
723,723,4341.639204,67.0
724,724,4346.440558,67.0625
725,725,4351.239756,67.0625
726,726,4356.041106000001,67.125
727,727,4360.840391,67.1875
728,728,4365.639827999999,67.1875
729,729,4370.440527000001,67.1875
730,730,4375.200783,67.25
731,731,4379.959044,67.3125
732,732,4384.67991,67.375
733,733,4389.479759,67.4375
734,734,4394.2815009999995,67.4375
735,735,4399.000619,67.5
736,736,4404.672435,67.5625
737,737,4409.5987430000005,67.625
738,738,4415.593742999999,67.6875
739,739,4420.36548,67.6875
740,740,4425.099744,67.75
741,741,4429.881654,67.8125
742,742,4434.60375,67.875
743,743,4439.319726,67.875
744,744,4444.199818,67.875
745,745,4449.000959999999,67.875
746,746,4453.721058,67.9375
747,747,4458.520823,68.0
748,748,4463.241604,68.0
749,749,4468.041493000001,68.0625
750,750,4472.840826,68.125
751,751,4477.800782,68.1875
752,752,4482.442564,68.25
753,753,4487.161506,68.3125
754,754,4491.9581259999995,68.375
755,755,4496.5991730000005,68.375
756,756,4501.325792,68.4375
757,757,4506.119839,68.4375
758,758,4510.9215810000005,68.5
759,759,4515.739101,68.5625
760,760,4520.479456,68.5625
761,761,4525.23895,68.625
762,762,4529.9597300000005,68.6875
763,763,4534.759693,68.75
764,764,4539.479600000001,68.75
765,765,4544.2002840000005,68.8125
766,766,4549.000434,68.875
767,767,4553.801241,68.875
768,768,4558.519738,68.9375
769,769,4563.240621,69.0
770,770,4567.960426,69.0
771,771,4572.682580000001,69.0625
772,772,4577.400600999999,69.125
773,773,4582.121614,69.1875
774,774,4586.859536,69.1875
775,775,4591.559238,69.25
776,776,4596.300143,69.3125
777,777,4601.079745999999,69.3125
778,778,4605.810466999999,69.375
779,779,4610.5996350000005,69.375
780,780,4615.4021649999995,69.4375
781,781,4620.201145,69.5
782,782,4624.838224,69.5
783,783,4629.479112999999,69.5625
784,784,4634.200409,69.625
785,785,4638.842109,69.6875
786,786,4643.561576,69.6875
787,787,4648.283026,69.6875
788,788,4653.001451,69.75
789,789,4657.880779,69.8125
790,790,4662.958858,69.8125
791,791,4667.7206289999995,69.875
792,792,4672.520859,69.9375
793,793,4677.321758,69.9375
794,794,4682.138664,70.0
795,795,4686.919312,70.0625
796,796,4691.719854999999,70.0625
797,797,4696.5197,70.125
798,798,4701.239363000001,70.1875
799,799,4705.979413999999,70.25
800,800,4710.859152,70.25
801,801,4715.639376,70.3125
802,802,4720.4396209999995,70.375
803,803,4725.239068,70.4375
804,804,4729.880825,70.4375
805,805,4734.679738,70.5
806,806,4739.479321,70.5625
807,807,4744.04074,70.5625
808,808,4748.760037,70.5625
809,809,4753.480387,70.625
810,810,4758.283713,70.6875
811,811,4762.9215380000005,70.75
812,812,4767.6413410000005,70.75
813,813,4772.439665,70.8125
814,814,4777.2596109999995,70.875
815,815,4781.959619,70.9375
816,816,4786.760161,70.9375
817,817,4791.560047999999,71.0
818,818,4796.361729,71.0
819,819,4801.079404,71.0625
820,820,4805.719403,71.0625
821,821,4810.44102,71.0625
822,822,4815.238783,71.125
823,823,4819.959439,71.1875
824,824,4824.684357,71.25
825,825,4829.4823670000005,71.3125
826,826,4834.281661999999,71.3125
827,827,4839.160802,71.375
828,828,4844.041450000001,71.375
829,829,4848.8426340000005,71.4375
830,830,4853.64058,71.5
831,831,4859.13076,71.5625
832,832,4863.9938569999995,71.625
833,833,4868.761648,71.6875
834,834,4873.482889,71.6875
835,835,4878.201304,71.6875
836,836,4882.841955,71.75
837,837,4887.664494,71.8125
838,838,4892.359865,71.8125
839,839,4897.159916,71.875
840,840,4902.041151,71.9375
841,841,4906.838616,72.0
842,842,4911.753989,72.0
843,843,4916.614056,72.0
844,844,4921.399185,72.0625
845,845,4926.119101,72.0625
846,846,4930.840203,72.125
847,847,4935.661833,72.1875
848,848,4940.439624,72.25
849,849,4945.159008,72.25
850,850,4949.879241,72.3125
851,851,4954.600825,72.3125
852,852,4959.400798,72.375
853,853,4964.200747,72.4375
854,854,4969.002302,72.4375
855,855,4973.801357,72.5
856,856,4978.601488,72.5625
857,857,4983.401799,72.5625
858,858,4988.201069,72.625
859,859,4992.861464,72.6875
860,860,4997.480189,72.6875
861,861,5002.280177,72.75
862,862,5007.000408,72.75
863,863,5012.039759,72.8125
864,864,5016.839376,72.875
865,865,5021.499027,72.875
866,866,5026.379393,72.875
867,867,5031.079243,73.0
868,868,5035.801251,73.0625
869,869,5040.606036,73.125
870,870,5045.398564,73.125
871,871,5050.233381,73.125
872,872,5054.99936,73.1875
873,873,5059.720728,73.1875
874,874,5064.521653,73.25
875,875,5069.24153,73.25
876,876,5073.961813,73.3125
877,877,5078.781039,73.375
878,878,5083.661326,73.4375
879,879,5088.543838,73.5
880,880,5093.322236,73.5625
881,881,5098.041373,73.5625
882,882,5102.841332,73.625
883,883,5107.640266,73.625
884,884,5113.213031,73.6875
885,885,5118.086369,73.75
886,886,5122.893454,73.8125
887,887,5127.639444,73.8125
888,888,5132.519322,73.875
889,889,5137.239226,73.875
890,890,5141.961047,73.9375
891,891,5146.680431,73.9375
892,892,5151.479371,74.0
893,893,5156.199946,74.0625
894,894,5161.00031,74.125
895,895,5165.800116,74.1875
896,896,5170.599692,74.1875
897,897,5175.319371,74.25
898,898,5179.960379,74.3125
899,899,5184.681627,74.3125
900,900,5189.48142,74.375
901,901,5194.201405,74.4375
902,902,5199.00185,74.5
903,903,5203.80184,74.5
904,904,5208.52143,74.5625
905,905,5213.519397,74.5625
906,906,5218.281576,74.625
907,907,5223.079988,74.6875
908,908,5227.87962,74.6875
909,909,5232.679366,74.75
910,910,5237.409417,74.75
911,911,5242.199407,74.8125
912,912,5248.681621,74.875
913,913,5253.480626,74.9375
914,914,5258.288547,74.9375
915,915,5263.078515,75.0
916,916,5267.800134,75.0
917,917,5272.520234,75.0625
918,918,5278.201989,75.125
919,919,5283.001319,75.125
920,920,5287.800509,75.1875
921,921,5292.599418,75.1875
922,922,5297.319997,75.25
923,923,5302.11963,75.25
924,924,5306.919516,75.3125
925,925,5311.740038,75.375
926,926,5317.960004,75.375
927,927,5322.679406,75.375
928,928,5327.39939,75.4375
929,929,5332.19997,75.5
930,930,5337.07976,75.5625
931,931,5341.880506,75.625
932,932,5346.679866,75.6875
933,933,5351.479994,75.75
934,934,5356.279989,75.8125
935,935,5361.079566,75.875
936,936,5365.799487,75.875
937,937,5370.599782,75.875
938,938,5375.339753,75.9375
939,939,5380.041292,75.9375
940,940,5384.841257,76.0
941,941,5389.641919,76.0
942,942,5394.462999,76.0625
943,943,5399.162365,76.0625
944,944,5403.96054,76.125
945,945,5408.762723,76.1875
946,946,5413.651817,76.1875
947,947,5418.719665,76.25
948,948,5423.518824,76.3125
949,949,5428.714359,76.375
950,950,5433.481983,76.375
951,951,5438.280144,76.4375
952,952,5443.080772,76.5
953,953,5447.87927,76.5625
954,954,5452.599676,76.5625
955,955,5457.399586,76.5625
956,956,5462.199614,76.625
957,957,5467.001841,76.625
958,958,5471.820215,76.6875
959,959,5476.60493,76.6875
960,960,5481.399333,76.75
961,961,5486.118922,76.8125
962,962,5490.840816,76.8125
963,963,5495.639405,76.875
964,964,5500.441254,76.9375
965,965,5505.160911,77.0
966,966,5509.96094,77.0625
967,967,5514.681533,77.0625
968,968,5519.68014,77.125
969,969,5524.479259,77.1875
970,970,5529.241476,77.1875
971,971,5533.880931,77.1875
972,972,5538.602336,77.25
973,973,5543.399629,77.25
974,974,5548.199278,77.3125
975,975,5552.919407,77.375
976,976,5557.558879,77.375
977,977,5562.279954,77.4375
978,978,5567.080511,77.4375
979,979,5571.960001,77.5
980,980,5576.761736,77.5625
981,981,5581.479691,77.625
982,982,5586.280208,77.625
983,983,5590.920007,77.6875
984,984,5595.719922,77.75
985,985,5600.440068,77.75
986,986,5605.32161,77.8125
987,987,5610.041581,77.8125
988,988,5614.84047,77.875
989,989,5620.078597,77.875
990,990,5624.841245,77.9375
991,991,5629.66127,78.0
992,992,5634.44299,78.0
993,993,5639.161721,78.0
994,994,5643.881413,78.0625
995,995,5648.601009,78.125
996,996,5653.399791,78.1875
997,997,5658.200567,78.1875
998,998,5663.041965,78.25
999,999,5667.720096,78.25
1000,1000,5672.521554,78.25
1001,1001,5677.260176,78.3125
1002,1002,5682.039447,78.375
1003,1003,5686.840353,78.375
1004,1004,5691.646726,78.5
1005,1005,5696.439437,78.5625
1006,1006,5701.259817,78.5625
1007,1007,5705.960066,78.625
1008,1008,5710.759764,78.6875
1009,1009,5715.481702,78.75
1010,1010,5720.760198,78.75
1011,1011,5725.559319,78.8125
1012,1012,5730.121713,78.8125
1013,1013,5734.84152,78.875
1014,1014,5739.641527,78.9375
1015,1015,5744.441009,78.9375
1016,1016,5749.321399,78.9375
1017,1017,5754.121465,79.0
1018,1018,5758.921951,79.0625
1019,1019,5763.723525,79.0625
1020,1020,5768.522033,79.0625
1021,1021,5773.31955,79.125
1022,1022,5778.12056,79.1875
1023,1023,5782.921538,79.25
1024,1024,5787.721229,79.25
1025,1025,5792.520199,79.3125
1026,1026,5797.399276,79.3125
1027,1027,5802.120255,79.375
1028,1028,5807.381896,79.4375
1029,1029,5812.473249,79.5
1030,1030,5817.507277,79.5625
1031,1031,5822.28058,79.5625
1032,1032,5827.079828,79.625
1033,1033,5831.880138,79.625
1034,1034,5836.678869,79.6875
1035,1035,5842.280205,79.6875
1036,1036,5847.080478,79.75
1037,1037,5851.879892,79.8125
1038,1038,5856.679881,79.875
1039,1039,5861.48008,79.875
1040,1040,5866.279929,79.9375
1041,1041,5871.080017,80.0
1042,1042,5875.801516,80.0
1043,1043,5880.522833,80.0
1044,1044,5885.241309,80.0625
1045,1045,5889.962905,80.0625
1046,1046,5894.763754,80.125
1047,1047,5899.561424,80.1875
1048,1048,5904.362127,80.1875
1049,1049,5909.161978,80.25
1050,1050,5913.960978,80.3125
1051,1051,5918.759582,80.3125
1052,1052,5923.480903,80.375
1053,1053,5928.279415,80.375
1054,1054,5933.080087,80.4375
1055,1055,5937.880352,80.5
1056,1056,5942.601575,80.5
1057,1057,5947.3215,80.5625
1058,1058,5952.22166,80.5625
1059,1059,5957.019676,80.625
1060,1060,5961.819405,80.6875
1061,1061,5966.600147,80.75
1062,1062,5971.399428,80.75
1063,1063,5976.200153,80.75
1064,1064,5980.921456,80.8125
1065,1065,5985.562257,80.875
1066,1066,5990.628866,80.875
1067,1067,5995.403341,80.9375
1068,1068,6000.201117,81.0
1069,1069,6005.001225,81.0625
1070,1070,6009.801714,81.125
1071,1071,6014.601886,81.125
1072,1072,6019.532233,81.1875
1073,1073,6024.440145,81.1875
1074,1074,6029.272477,81.1875
1075,1075,6034.061141,81.25
1076,1076,6038.84224,81.3125
1077,1077,6043.659927,81.375
1078,1078,6048.539479,81.375
1079,1079,6053.239637,81.4375
1080,1080,6057.959678,81.4375
1081,1081,6062.760787,81.5
1082,1082,6067.480075,81.5625
1083,1083,6072.199813,81.5625
1084,1084,6077.000012,81.5625
1085,1085,6081.800174,81.625
1086,1086,6086.439423,81.6875
1087,1087,6091.159414,81.6875
1088,1088,6095.801802,81.6875
1089,1089,6100.601401,81.8125
1090,1090,6105.401105,81.8125
1091,1091,6110.201433,81.875
1092,1092,6115.001613,81.9375
1093,1093,6120.336767,82.0
1094,1094,6125.082158,82.0
1095,1095,6129.881827,82.0
1096,1096,6134.684541,82.0625
1097,1097,6139.485121,82.125
1098,1098,6144.282938,82.1875
1099,1099,6149.082722,82.1875
1100,1100,6153.96146,82.1875
1101,1101,6158.7612,82.25
1102,1102,6163.561193,82.25
1103,1103,6168.360198,82.3125
1104,1104,6173.161442,82.3125
1105,1105,6177.962153,82.375
1106,1106,6182.966967,82.4375
1107,1107,6187.83313,82.5
1108,1108,6192.713995,82.5625
1109,1109,6197.560084,82.5625
1110,1110,6202.358587,82.5625
1111,1111,6207.079371,82.625
1112,1112,6211.722653,82.625
1113,1113,6216.519599,82.6875
1114,1114,6221.640984,82.75
1115,1115,6226.439682,82.75
1116,1116,6231.240188,82.8125
1117,1117,6235.960927,82.875
1118,1118,6240.780946,82.875
1119,1119,6245.501061,82.9375
1120,1120,6250.302012,83.0
1121,1121,6255.081351,83.0
1122,1122,6259.801112,83.0625
1123,1123,6264.601211,83.125
1124,1124,6269.401476,83.125
1125,1125,6274.200543,83.1875
1126,1126,6279.001917,83.25
1127,1127,6283.800392,83.3125
1128,1128,6288.519374,83.3125
1129,1129,6293.159327,83.375
1130,1130,6297.800206,83.375
1131,1131,6302.598699,83.375
1132,1132,6307.399921,83.4375
1133,1133,6312.199441,83.4375
1134,1134,6316.921397,83.5
1135,1135,6321.810871,83.5625
1136,1136,6326.520064,83.5625
1137,1137,6331.320316,83.625
1138,1138,6336.120859,83.625
1139,1139,6341.081546,83.6875
1140,1140,6345.882179,83.75
1141,1141,6350.682119,83.8125
1142,1142,6355.480927,83.8125
1143,1143,6360.280422,83.875
1144,1144,6365.080932,83.9375
1145,1145,6369.801005,83.9375
1146,1146,6374.96127,84.0
1147,1147,6379.720975,84.0625
1148,1148,6384.521507,84.0625
1149,1149,6389.239972,84.125
1150,1150,6393.959281,84.125
1151,1151,6398.599471,84.125
1152,1152,6403.399741,84.1875
1153,1153,6408.199902,84.25
1154,1154,6413.079337,84.3125
1155,1155,6417.799451,84.375
1156,1156,6422.600222,84.375
1157,1157,6428.404011,84.4375
1158,1158,6433.278398,84.4375
1159,1159,6438.473692,84.5
1160,1160,6443.273127,84.5
1161,1161,6448.039333,84.5625
1162,1162,6452.764648,84.625
1163,1163,6457.480119,84.625
1164,1164,6462.200287,84.6875
1165,1165,6466.999646,84.6875
1166,1166,6471.800017,84.75
1167,1167,6476.521446,84.75
1168,1168,6481.240844,84.75
1169,1169,6485.961493,84.8125
1170,1170,6490.761691,84.875
1171,1171,6495.48097,84.875
1172,1172,6500.200808,84.9375
1173,1173,6504.921629,84.9375
1174,1174,6524.039934,85.0625
1175,1175,6528.927543,85.125
1176,1176,6533.720898,85.125
1177,1177,6538.519251,85.1875
1178,1178,6543.160026,85.25
1179,1179,6547.880014,85.25
1180,1180,6552.760135,85.25
1181,1181,6557.639221,85.3125
1182,1182,6562.531882,85.375
1183,1183,6567.39998,85.4375
1184,1184,6572.119344,85.4375
1185,1185,6576.759899,85.5
1186,1186,6581.561818,85.5625
1187,1187,6586.201039,85.5625
1188,1188,6591.000411,85.625
1189,1189,6595.800999,85.625
1190,1190,6600.601322,85.625
1191,1191,6605.401819,85.6875
1192,1192,6610.121386,85.6875
1193,1193,6614.921577,85.75
1194,1194,6619.720988,85.8125
1195,1195,6624.518945,85.875
1196,1196,6629.161107,85.875
1197,1197,6635.443706,85.875
1198,1198,6641.274949,85.9375
1199,1199,6647.99384,86.0
1200,1200,6652.788451,86.0625
1201,1201,6659.319379,86.0625
1202,1202,6664.037744,86.125
1203,1203,6668.762477,86.1875
1204,1204,6673.561593,86.25
1205,1205,6678.439378,86.25
1206,1206,6683.170628,86.25
1207,1207,6687.960088,86.3125
1208,1208,6692.760238,86.3125
1209,1209,6697.56109,86.375
1210,1210,6702.299451,86.4375
1211,1211,6707.079567,86.5
1212,1212,6711.819559,86.5625
1213,1213,6716.700933,86.5625
1214,1214,6721.40088,86.625
1215,1215,6726.201231,86.625
1216,1216,6731.000764,86.6875
1217,1217,6735.801388,86.6875
1218,1218,6740.521217,86.75
1219,1219,6745.401159,86.8125
1220,1220,6750.441018,86.8125
1221,1221,6755.321253,86.875
1222,1222,6760.04351,86.875
1223,1223,6764.759983,86.9375
1224,1224,6769.480397,86.9375
1225,1225,6774.280408,86.9375
1226,1226,6779.161653,86.9375
1227,1227,6783.95931,87.0
1228,1228,6788.680079,87.0
1229,1229,6793.480065,87.0625
1230,1230,6798.280055,87.125
1231,1231,6803.080337,87.1875
1232,1232,6807.880368,87.25
1233,1233,6812.599967,87.25
1234,1234,6817.398794,87.3125
1235,1235,6822.119617,87.3125
1236,1236,6826.919764,87.3125
1237,1237,6831.723144,87.375
1238,1238,6836.45219,87.375
1239,1239,6841.161083,87.375
1240,1240,6845.881047,87.4375
1241,1241,6850.760178,87.5
1242,1242,6855.560956,87.5625
1243,1243,6860.282112,87.625
1244,1244,6865.004131,87.6875
1245,1245,6869.720402,87.6875
1246,1246,6874.518969,87.75
1247,1247,6879.240018,87.75
1248,1248,6884.039625,87.8125
1249,1249,6888.839621,87.8125
1250,1250,6893.639569,87.875
1251,1251,6898.444725,87.875
1252,1252,6903.239644,87.875
1253,1253,6908.137577,87.875
1254,1254,6912.920032,87.9375
1255,1255,6917.63938,88.0
1256,1256,6922.835503,88.0625
1257,1257,6927.678997,88.0625
1258,1258,6932.85944,88.125
1259,1259,6937.673105,88.125
1260,1260,6942.439556,88.1875
1261,1261,6947.159313,88.25
1262,1262,6951.880878,88.25
1263,1263,6956.681279,88.3125
1264,1264,6961.400486,88.3125
1265,1265,6966.220953,88.375
1266,1266,6970.920908,88.375
1267,1267,6975.721385,88.4375
1268,1268,6980.361577,88.4375
1269,1269,6985.163579,88.4375
1270,1270,6989.880099,88.5
1271,1271,6994.84157,88.5
1272,1272,7000.523647,88.5625
1273,1273,7005.242495,88.625
1274,1274,7009.962798,88.625
1275,1275,7014.75934,88.6875
1276,1276,7019.479408,88.75
1277,1277,7025.331975,88.75
1278,1278,7030.173381,88.8125
1279,1279,7034.920615,88.875
1280,1280,7039.720434,88.875
1281,1281,7044.680363,88.9375
1282,1282,7049.559945,88.9375
1283,1283,7054.359697,89.0
1284,1284,7059.159875,89.0
1285,1285,7063.879985,89.0625
1286,1286,7068.599945,89.0625
1287,1287,7073.480965,89.125
1288,1288,7078.283006,89.1875
1289,1289,7083.082316,89.1875
1290,1290,7087.881965,89.25
1291,1291,7092.680059,89.3125
1292,1292,7097.479831,89.3125
1293,1293,7102.199899,89.3125
1294,1294,7107.080842,89.3125
1295,1295,7111.800868,89.375
1296,1296,7116.526,89.375
1297,1297,7121.321581,89.4375
1298,1298,7126.052747,89.4375
1299,1299,7131.513817,89.5
1300,1300,7136.319627,89.5625
1301,1301,7141.081545,89.5625
1302,1302,7145.801569,89.625
1303,1303,7150.44093,89.625
1304,1304,7155.239378,89.6875
1305,1305,7159.959251,89.75
1306,1306,7164.699896,89.75
1307,1307,7169.480455,89.8125
1308,1308,7174.279847,89.8125
1309,1309,7179.079871,89.875
1310,1310,7183.879954,89.875
1311,1311,7188.679292,89.9375
1312,1312,7193.319346,89.9375
1313,1313,7197.958775,90.0
1314,1314,7202.599282,90.0
1315,1315,7207.241309,90.0625
1316,1316,7212.0414,90.0625
1317,1317,7216.841338,90.125
1318,1318,7221.721531,90.1875
1319,1319,7226.737943,90.1875
1320,1320,7231.481405,90.25
1321,1321,7236.201361,90.25
1322,1322,7241.001535,90.3125
1323,1323,7245.721575,90.3125
1324,1324,7250.521151,90.375
1325,1325,7255.240091,90.375
1326,1326,7260.039972,90.375
1327,1327,7264.839988,90.4375
1328,1328,7270.521518,90.4375
1329,1329,7275.321826,90.5
1330,1330,7280.12196,90.5
1331,1331,7284.919364,90.5625
1332,1332,7289.640292,90.5625
1333,1333,7294.459603,90.625
1334,1334,7299.159563,90.6875
1335,1335,7303.959812,90.6875
1336,1336,7308.759329,90.6875
1337,1337,7313.47978,90.75
1338,1338,7318.310082,90.8125
1339,1339,7323.678783,90.8125
1340,1340,7328.474265,90.8125
1341,1341,7333.446848,90.875
1342,1342,7338.199973,90.875
1343,1343,7343.000569,90.9375
1344,1344,7347.800012,90.9375
1345,1345,7352.619399,91.0
1346,1346,7357.399906,91.0
1347,1347,7362.221869,91.0625
1348,1348,7367.001427,91.0625
1349,1349,7371.801145,91.125
1350,1350,7376.60267,91.1875
1351,1351,7381.322099,91.1875
1352,1352,7386.202117,91.1875
1353,1353,7391.003081,91.1875
1354,1354,7395.723352,91.1875
1355,1355,7400.519774,91.25
1356,1356,7405.320371,91.3125
1357,1357,7410.120602,91.3125
1358,1358,7414.921989,91.3125
1359,1359,7419.720457,91.375
1360,1360,7424.521711,91.375
1361,1361,7429.658929,91.375
1362,1362,7434.873055,91.4375
1363,1363,7439.640119,91.4375
1364,1364,7444.359493,91.5
1365,1365,7449.240095,91.5625
1366,1366,7454.040196,91.625
1367,1367,7458.839992,91.625
1368,1368,7463.560542,91.6875
1369,1369,7468.439286,91.6875
1370,1370,7473.1799,91.75
1371,1371,7477.960256,91.75
1372,1372,7482.760005,91.75
1373,1373,7487.522807,91.8125
1374,1374,7492.28165,91.8125
1375,1375,7497.003117,91.875
1376,1376,7501.821522,91.875
1377,1377,7506.922052,91.875
1378,1378,7511.721784,91.875
1379,1379,7516.521842,91.875
1380,1380,7521.342302,91.875
1381,1381,7526.120837,91.9375
1382,1382,7530.982225,91.9375
1383,1383,7535.760192,91.9375
1384,1384,7540.553839,92.0
1385,1385,7545.338411,92.0
1386,1386,7550.126021,92.0625
1387,1387,7554.920078,92.125
1388,1388,7559.640144,92.125
1389,1389,7564.438758,92.125
1390,1390,7569.159624,92.1875
1391,1391,7574.039567,92.1875
1392,1392,7578.839608,92.1875
1393,1393,7583.560182,92.25
1394,1394,7588.361079,92.25
1395,1395,7593.158998,92.25
1396,1396,7597.879763,92.3125
1397,1397,7602.701808,92.3125
1398,1398,7607.483743,92.3125
1399,1399,7612.361534,92.3125
1400,1400,7617.161422,92.375
1401,1401,7621.882246,92.375
1402,1402,7626.761131,92.4375
1403,1403,7632.060113,92.5
1404,1404,7636.841779,92.5
1405,1405,7641.641733,92.5
1406,1406,7646.44169,92.5
1407,1407,7652.123584,92.5
1408,1408,7656.841494,92.5625
1409,1409,7661.560917,92.5625
1410,1410,7666.382057,92.5625
1411,1411,7671.081647,92.625
1412,1412,7675.885261,92.625
1413,1413,7680.680142,92.625
1414,1414,7685.560414,92.625
1415,1415,7690.360887,92.625
1416,1416,7695.239998,92.6875
1417,1417,7700.040012,92.6875
1418,1418,7704.860203,92.6875
1419,1419,7709.563265,92.6875
1420,1420,7714.362896,92.75
1421,1421,7719.160601,92.75
1422,1422,7723.96025,92.75
1423,1423,7728.759929,92.75
1424,1424,7734.362118,92.75
1425,1425,7739.181451,92.75
1426,1426,7743.961541,92.75
1427,1427,7748.844454,92.8125
1428,1428,7753.641833,92.8125
1429,1429,7758.44303,92.875
1430,1430,7763.241493,92.875
1431,1431,7768.12699,92.875
1432,1432,7772.921564,92.875
1433,1433,7777.72299,92.9375
1434,1434,7782.524481,92.9375
1435,1435,7787.323188,93.0
1436,1436,7792.202971,93.0
1437,1437,7797.002924,93.0
1438,1438,7801.802431,93.0
1439,1439,7806.602536,93.0
1440,1440,7811.404294,93.0
1441,1441,7816.201402,93.0
1442,1442,7821.082441,92.9375
1443,1443,7825.8819,93.0
1444,1444,7830.681252,93.0
1445,1445,7835.912747,93.0
1446,1446,7840.713235,93.0
1447,1447,7845.508287,93.0
1448,1448,7850.281211,93.0
1449,1449,7855.236999,93.0
1450,1450,7859.962614,93.0
1451,1451,7864.759529,93.0625
1452,1452,7869.559242,93.0
1453,1453,7874.279202,93.0625
1454,1454,7878.999874,93.125
1455,1455,7883.798914,93.0625
1456,1456,7888.519454,93.0625
1457,1457,7893.319933,93.0
1458,1458,7898.121747,93.0
1459,1459,7902.921589,93.0
1460,1460,7907.741581,93.0625
1461,1461,7912.444075,93.0625
1462,1462,7917.242826,93.0
1463,1463,7922.082238,93.0
1464,1464,7926.842603,93.0625
1465,1465,7931.561344,93.0625
1466,1466,7937.853887,93.125
1467,1467,7942.600921,93.0625
1468,1468,7947.403196,93.0625
1469,1469,7952.201908,93.0625
1470,1470,7957.001582,93.0625
1471,1471,7961.883481,93.0625
1472,1472,7966.683135,93.0625
1473,1473,7971.480835,93.0625
1474,1474,7976.281968,93.125
1475,1475,7981.099983,93.125
1476,1476,7985.880557,93.125
1477,1477,7990.681902,93.125
1478,1478,7995.480338,93.125
1479,1479,8000.280041,93.125
1480,1480,8005.080362,93.125
1481,1481,8009.800176,93.1875
1482,1482,8014.602076,93.1875
1483,1483,8019.319838,93.125
1484,1484,8024.119206,93.1875
1485,1485,8028.839844,93.1875
1486,1486,8033.640181,93.1875
1487,1487,8038.558974,93.1875
1488,1488,8043.438802,93.1875
1489,1489,8048.633493,93.1875
1490,1490,8053.513226,93.1875
1491,1491,8058.200828,93.1875
1492,1492,8063.001024,93.1875
1493,1493,8067.801547,93.1875
1494,1494,8072.601613,93.1875
1495,1495,8077.40153,93.1875
1496,1496,8082.281567,93.25
1497,1497,8087.002087,93.25
1498,1498,8091.720257,93.25
1499,1499,8096.440958,93.25
1500,1500,8101.260016,93.25
1501,1501,8106.040202,93.25
1502,1502,8110.840104,93.25
1503,1503,8115.640013,93.25
1504,1504,8120.520468,93.25
1505,1505,8126.200885,93.25
1506,1506,8131.019702,93.25
1507,1507,8135.799849,93.25
1508,1508,8141.371999,93.25
1509,1509,8146.119731,93.25
1510,1510,8150.919688,93.25
1511,1511,8155.719709,93.25
1512,1512,8160.52038,93.25
1513,1513,8165.320207,93.25
1514,1514,8170.121637,93.3125
1515,1515,8174.939845,93.3125
1516,1516,8179.720209,93.3125
1517,1517,8184.543082,93.3125
1518,1518,8189.320857,93.3125
1519,1519,8194.120036,93.3125
1520,1520,8198.920559,93.3125
1521,1521,8203.640527,93.3125
1522,1522,8208.284230000001,93.375
1523,1523,8213.081763999999,93.375
1524,1524,8217.881647999999,93.375
1525,1525,8222.682154,93.375
1526,1526,8227.750406,93.375
1527,1527,8233.770223,93.4375
1528,1528,8238.442196,93.4375
